sigma,global,background,square,circle
0.000000000000000000e+00,7.781187248742958695e-02,6.103924465473695854e-02,1.070762465752566478e-01,1.396857700907506716e-01
1.000000000000000056e-01,7.781187248742958695e-02,6.103924465473695854e-02,1.070762465752566478e-01,1.396857700907506716e-01
2.000000000000000111e-01,7.781071862812320716e-02,6.103834135301657721e-02,1.070746585522641403e-01,1.396836870564885646e-01
3.000000000000000444e-01,7.663121605751994914e-02,6.011482533435066888e-02,1.054514091890180472e-01,1.375550852525752044e-01
4.000000000000000222e-01,6.610252299525681829e-02,5.185615110662471217e-02,9.097004359049930267e-02,1.186284883418336211e-01
5.000000000000000000e-01,5.037941975108346099e-02,3.943669825003934953e-02,6.941336496144567825e-02,9.072302339573778962e-02
5.999999999999999778e-01,3.972004115739640601e-02,3.087788436399234449e-02,5.496455444280547858e-02,7.220054687194721321e-02
7.000000000000000666e-01,3.385832832931951614e-02,2.604626047933844904e-02,4.722339125603018661e-02,6.217114923664553150e-02
8.000000000000000444e-01,3.043364251960042899e-02,2.313107204735437988e-02,4.288197606571121645e-02,5.630748165451870957e-02
9.000000000000000222e-01,2.821076645222696244e-02,2.117047272776502453e-02,4.020301152147490870e-02,5.246421509764576802e-02
1.000000000000000000e+00,2.669036240862452877e-02,1.977401535070191785e-02,3.847702092540442043e-02,4.981077293492865155e-02
1.100000000000000089e+00,2.562783103890244746e-02,1.874872175813884281e-02,3.735834459666487889e-02,4.794899092487828196e-02
1.200000000000000178e+00,2.491661298608320238e-02,1.801417625216665194e-02,3.669088275473789129e-02,4.670645457423851926e-02
1.300000000000000266e+00,2.446324598762977809e-02,1.749645682506388925e-02,3.634580907904404190e-02,4.592774976918230501e-02
1.400000000000000133e+00,2.419704249484896236e-02,1.713577668439973320e-02,3.623117995167906419e-02,4.550051063434511905e-02
1.500000000000000222e+00,2.408453564502780614e-02,1.690899484568003999e-02,3.629889933274698527e-02,4.535915791175345463e-02
1.600000000000000089e+00,2.408635639669637687e-02,1.678255980378888859e-02,3.649961695317865962e-02,4.543676855679715243e-02
1.700000000000000178e+00,2.417576739615430112e-02,1.673002025907686235e-02,3.680302224221070756e-02,4.569775251426558965e-02
1.800000000000000266e+00,2.433462929084874785e-02,1.674167757482965951e-02,3.718261547683711365e-02,4.609109406989299329e-02
1.900000000000000133e+00,2.454598946598503945e-02,1.680125226295963586e-02,3.761936346986828605e-02,4.659018455449500523e-02
2.000000000000000000e+00,2.479696204733557174e-02,1.689804663776645413e-02,3.809770500669109466e-02,4.716873766937695889e-02
2.100000000000000089e+00,2.508904512871176079e-02,1.702474208806393705e-02,3.862655388646028809e-02,4.785441958825442654e-02
2.200000000000000178e+00,2.539913125055355894e-02,1.717461886710395028e-02,3.916829900866359432e-02,4.856163803600688222e-02
2.300000000000000266e+00,2.572654559334076191e-02,1.734205138203461297e-02,3.972633521295327458e-02,4.930331362928355027e-02
2.400000000000000355e+00,2.608182503802002408e-02,1.752735199327122573e-02,4.032046913248442388e-02,5.012482251708831604e-02
2.500000000000000444e+00,2.643783576088059098e-02,1.772102440856791750e-02,4.090773982974987150e-02,5.093069533157579959e-02
2.600000000000000089e+00,2.680039572862909919e-02,1.792255646873231259e-02,4.149955626802971642e-02,5.174818450004496639e-02
2.700000000000000178e+00,2.718454701563966652e-02,1.813624058564624816e-02,4.212093917706515034e-02,5.263131414248468920e-02
2.800000000000000266e+00,2.756036865240144712e-02,1.835045581038663096e-02,4.272523305694471418e-02,5.347909862976536755e-02
2.900000000000000355e+00,2.793737812949699875e-02,1.856762211897169251e-02,4.332838075750056889e-02,5.432699442431995762e-02
3.000000000000000444e+00,2.833263650807429576e-02,1.879384314276253895e-02,4.395748169866377231e-02,5.523349797941976697e-02
3.100000000000000089e+00,2.871480231479685979e-02,1.901649870124148128e-02,4.456421190366167961e-02,5.609390483568126029e-02
3.200000000000000178e+00,2.909540882986123497e-02,1.923952875838789295e-02,4.516690382515700652e-02,5.694875748749254202e-02
3.300000000000000266e+00,2.947335686710150088e-02,1.946212406956190563e-02,4.576414706218617789e-02,5.779543698305457389e-02
3.400000000000000355e+00,2.987399917496820836e-02,1.969501065116157149e-02,4.639526617209441955e-02,5.871477433878262431e-02
3.500000000000000444e+00,3.025241299307342493e-02,1.991871322103403244e-02,4.699119095167673954e-02,5.956403575217714824e-02
3.600000000000000089e+00,3.062713845280670352e-02,2.014091837838587196e-02,4.758065688808274518e-02,6.040328711890990965e-02
3.700000000000000178e+00,3.102279339397674696e-02,2.037203498013084521e-02,4.820159915609625867e-02,6.131155376292268117e-02
3.800000000000000266e+00,3.139575190183455100e-02,2.059337951596116115e-02,4.878714571150208346e-02,6.214888015966731072e-02
3.900000000000000355e+00,3.176453418270940715e-02,2.081265614570263281e-02,4.936580312050060926e-02,6.297553336764304122e-02
4.000000000000000000e+00,3.212868282539795700e-02,2.102956331777568535e-02,4.993693641850457249e-02,6.379040398474523921e-02
